Requirements for the B.A. in Art,http://catalogue.uci.edu/clairetrevorschoolofthearts/departmentofart/#majortext,"Art, B.A"
Requirements for the B.A. in Dance,http://catalogue.uci.edu/clairetrevorschoolofthearts/departmentofdance/#majortext,"Dance, B.A."
Requirements for the B.F.A. in Dance,http://catalogue.uci.edu/clairetrevorschoolofthearts/departmentofdance/#majortext,Requirements for the B.F.A. in Dance
Requirements for the B.A. in Drama,http://catalogue.uci.edu/clairetrevorschoolofthearts/departmentofdrama/#majortext,"Drama, B.A"
Requirements for the B.F.A. in Music Theatre,http://catalogue.uci.edu/clairetrevorschoolofthearts/departmentofdrama/#majortext,Requirements for the B.F.A. in Music Theatre
Requirements for the Minor in Drama,http://catalogue.uci.edu/clairetrevorschoolofthearts/departmentofdrama/#majortext,Requirements for the Minor in Drama
Requirements for the Bachelor's Degree in Music,http://catalogue.uci.edu/clairetrevorschoolofthearts/departmentofmusic/#majortext,Requirements for the Bachelor's Degree in Music
Additional Requirements for the Bachelor of Music Degree,http://catalogue.uci.edu/clairetrevorschoolofthearts/departmentofmusic/#majortext,Additional Requirements for the Bachelor of Music Degree
Requirements for the B.A. in Art,http://catalogue.uci.edu/clairetrevorschoolofthearts/departmentofart/#digitalartsminortext,Requirements for the B.A. in Art
Requirements for the B.S. in Biological Sciences,http://catalogue.uci.edu/schoolofbiologicalsciences/#majortext,"Biological Sciences, B.S."
Requirements for the B.S. in Exercise Sciences,http://catalogue.uci.edu/schoolofbiologicalsciences/#majortext,"Exercise Sciences, B.S."
Requirements for the B.S. in Human Biology,http://catalogue.uci.edu/schoolofbiologicalsciences/#majortext,"Human Biology, B.S."
Requirements for the B.S. in Biology/Education,http://catalogue.uci.edu/schoolofbiologicalsciences/#majortext,Requirements for the B.S. in Biology/Education
Requirements for the Minor in Biological Sciences,http://catalogue.uci.edu/schoolofbiologicalsciences/#majortext,Requirements for the Minor in Biological Sciences
Requirements for the B.S. in Biological Sciences,http://catalogue.uci.edu/schoolofbiologicalsciences/#biologicalminor,Biological Sciences
Requirements for the B.S. in Biology/Education,http://catalogue.uci.edu/schoolofbiologicalsciences/#biologicalminor,Requirements for the B.S. in Biology/Education
Requirements for the B.S. in Exercise Sciences,http://catalogue.uci.edu/schoolofbiologicalsciences/#biologicalminor,Requirements for the B.S. in Exercise Sciences
Requirements for the B.S. in Human Biology,http://catalogue.uci.edu/schoolofbiologicalsciences/#biologicalminor,Requirements for the B.S. in Human Biology
Requirements for the Minor in Biological Sciences,http://catalogue.uci.edu/schoolofbiologicalsciences/#biologicalminor,Requirements for the Minor in Biological Sciences
Requirements for the B.A. in Business Administration,http://catalogue.uci.edu/thepaulmerageschoolofbusiness/undergraduateprograms/#majorstext,"Business Administration, B.A."
Requirements for the Undergraduate Minor in Accounting,http://catalogue.uci.edu/thepaulmerageschoolofbusiness/undergraduateprograms/#majorstext,Requirements for the Undergraduate Minor in Accounting
Requirements for the Undergraduate Minor in Management,http://catalogue.uci.edu/thepaulmerageschoolofbusiness/undergraduateprograms/#majorstext,Requirements for the Undergraduate Minor in Management
Requirements for the Minor in Innovation and Entrepreneurship,http://catalogue.uci.edu/thepaulmerageschoolofbusiness/undergraduateprograms/#majorstext,Requirements for the Minor in Innovation and Entrepreneurship
Requirements for the Undergraduate Minor in Accounting,http://catalogue.uci.edu/thepaulmerageschoolofbusiness/undergraduateprograms/#minorstext,Accounting
Requirements for the Undergraduate Minor in Management,http://catalogue.uci.edu/thepaulmerageschoolofbusiness/undergraduateprograms/#minorstext,Management
Requirements for the B.A. in Business Administration,http://catalogue.uci.edu/thepaulmerageschoolofbusiness/undergraduateprograms/#minorstext,Requirements for the B.A. in Business Administration
Requirements for the Minor in Innovation and Entrepreneurship,http://catalogue.uci.edu/thepaulmerageschoolofbusiness/undergraduateprograms/#minorstext,Requirements for the Minor in Innovation and Entrepreneurship
Requirements for the B.A. in Education Sciences (Specializations also listed),http://catalogue.uci.edu/schoolofeducation/#majortext,"Education Sciences, B.A."
Requirements for the Minor in Education,http://catalogue.uci.edu/schoolofeducation/#majortext,Requirements for the Minor in Education
Requirements for the Undergraduate CalTeach Science and Mathematics Single Subject Credential Program,http://catalogue.uci.edu/schoolofeducation/#majortext,Requirements for the Undergraduate CalTeach Science and Mathematics Single Subject Credential Program
Requirements for the B.A. in Education Sciences (Specializations also listed),http://catalogue.uci.edu/schoolofeducation/#minortext,Education
Requirements for the Minor in Education,http://catalogue.uci.edu/schoolofeducation/#minortext,Requirements for the Minor in Education
Requirements for the Undergraduate CalTeach Science and Mathematics Single Subject Credential Program,http://catalogue.uci.edu/schoolofeducation/#minortext,Requirements for the Undergraduate CalTeach Science and Mathematics Single Subject Credential Program
Requirements for the B.S. in Aerospace Engineering,http://catalogue.uci.edu/thehenrysamuelischoolofengineering/departmentofmechanicalandaerospaceengineering/#majorstext,"Aerospace Engineering, B.S."
Requirements for the B.S. in Mechanical Engineering,http://catalogue.uci.edu/thehenrysamuelischoolofengineering/departmentofmechanicalandaerospaceengineering/#majorstext,Requirements for the B.S. in Mechanical Engineering
Requirements for the B.S. in Biomedical Engineering,http://catalogue.uci.edu/thehenrysamuelischoolofengineering/departmentofbiomedicalengineering/#majorstext,"Biomedical Engineering, B.S."
Requirements for the B.S. in Biomedical Engineering: Premedical,http://catalogue.uci.edu/thehenrysamuelischoolofengineering/departmentofbiomedicalengineering/#majorstext,Requirements for the B.S. in Biomedical Engineering: Premedical
Requirements for the Minor in Biomedical Engineering,http://catalogue.uci.edu/thehenrysamuelischoolofengineering/departmentofbiomedicalengineering/#majorstext,Requirements for the Minor in Biomedical Engineering
Requirements for the B.S. in Chemical Engineering,http://catalogue.uci.edu/thehenrysamuelischoolofengineering/departmentofchemicalandbiomolecularengineering/#majorstext,"Chemical Engineering, B.S."
Requirements for the B.S. in Civil Engineering,http://catalogue.uci.edu/thehenrysamuelischoolofengineering/departmentofcivilandenvironmentalengineering/#majorstext,"Civil Engineering, B.S."
Requirements for the B.S. in Environmental Engineering,http://catalogue.uci.edu/thehenrysamuelischoolofengineering/departmentofcivilandenvironmentalengineering/#majorstext,Requirements for the B.S. in Environmental Engineering
Requirements for the B.S. in Computer Engineering,http://catalogue.uci.edu/thehenrysamuelischoolofengineering/departmentofelectricalengineeringandcomputerscience/#majorstext,"Computer Engineering, B.S."
Requirements for the B.S. in Electrical Engineering,http://catalogue.uci.edu/thehenrysamuelischoolofengineering/departmentofelectricalengineeringandcomputerscience/#majorstext,"Electrical Engineering, B.S."
Requirements for the B.S. in Computer Science and Engineering,http://catalogue.uci.edu/thehenrysamuelischoolofengineering/departmentofelectricalengineeringandcomputerscience/#majorstext,Requirements for the B.S. in Computer Science and Engineering
Requirements for the B.S. in Engineering,http://catalogue.uci.edu/thehenrysamuelischoolofengineering/#undergraduatestudytext,"Engineering, B.S."
Requirements for the B.S. in Materials Science and Engineering,http://catalogue.uci.edu/thehenrysamuelischoolofengineering/departmentofmaterialsscienceandengineering/#majortext,"Materials Science and Engineering, B.S."
Requirements for the Minor in Materials Science and Engineering,http://catalogue.uci.edu/thehenrysamuelischoolofengineering/departmentofmaterialsscienceandengineering/#majortext,Requirements for the Minor in Materials Science and Engineering
Requirements for the B.S. in Business Information Management,http://catalogue.uci.edu/donaldbrenschoolofinformationandcomputersciences/#undergraduatetext,"Business Information Management, B.S."
Requirements for the B.S. in Information and Computer Science,http://catalogue.uci.edu/donaldbrenschoolofinformationandcomputersciences/#undergraduatetext,"Information and Computer Science, B.S."
Requirements for the B.S. in Computer Game Science,http://catalogue.uci.edu/donaldbrenschoolofinformationandcomputersciences/#undergraduatetext,Requirements for the B.S. in Computer Game Science
Requirements for the B.S. in Software Engineering,http://catalogue.uci.edu/donaldbrenschoolofinformationandcomputersciences/#undergraduatetext,Requirements for the B.S. in Software Engineering
Requirements for the Minor in Information and Computer Science,http://catalogue.uci.edu/donaldbrenschoolofinformationandcomputersciences/#undergraduatetext,Requirements for the Minor in Information and Computer Science
Requirements for the B.S. in Biomedical Engineering,http://catalogue.uci.edu/thehenrysamuelischoolofengineering/departmentofbiomedicalengineering/#minortext,Biomedical Engineering
Requirements for the B.S. in Biomedical Engineering: Premedical,http://catalogue.uci.edu/thehenrysamuelischoolofengineering/departmentofbiomedicalengineering/#minortext,Requirements for the B.S. in Biomedical Engineering: Premedical
Requirements for the Minor in Biomedical Engineering,http://catalogue.uci.edu/thehenrysamuelischoolofengineering/departmentofbiomedicalengineering/#minortext,Requirements for the Minor in Biomedical Engineering
Requirements for the B.A. in African American Studies,http://catalogue.uci.edu/schoolofhumanities/departmentofafricanamericanstudies/#majortext,"African American Studies, B.A."
Requirements for the Minor in African American Studies,http://catalogue.uci.edu/schoolofhumanities/departmentofafricanamericanstudies/#majortext,Requirements for the Minor in African American Studies
Requirements for the B.A. in Art History,http://catalogue.uci.edu/schoolofhumanities/departmentofarthistory/#majortext,"Art History, B.A."
Requirements for the Minor in Archaeology,http://catalogue.uci.edu/schoolofhumanities/departmentofarthistory/#majortext,Requirements for the Minor in Archaeology
Requirements for the Minor in Art History,http://catalogue.uci.edu/schoolofhumanities/departmentofarthistory/#majortext,Requirements for the Minor in Art History
Requirements for the B.A. in Asian American Studies,http://catalogue.uci.edu/schoolofhumanities/departmentofasianamericanstudies/#majortext,"Asian American Studies, B.A."
Requirements for the Minor in Asian American Studies,http://catalogue.uci.edu/schoolofhumanities/departmentofasianamericanstudies/#majortext,Requirements for the Minor in Asian American Studies
Requirements for the B.A. in Chinese Studies,http://catalogue.uci.edu/schoolofhumanities/departmentofeastasianstudies/#majorstext,"Chinese Studies, B.A."
Requirements for the B.A. in Japanese Language and Literature,http://catalogue.uci.edu/schoolofhumanities/departmentofeastasianstudies/#majorstext,"Japanese Language and Literature, B.A."
Requirements for the B.A. in East Asian Cultures,http://catalogue.uci.edu/schoolofhumanities/departmentofeastasianstudies/#majorstext,Requirements for the B.A. in East Asian Cultures
Requirements for the B.A. in Korean Literature and Culture,http://catalogue.uci.edu/schoolofhumanities/departmentofeastasianstudies/#majorstext,Requirements for the B.A. in Korean Literature and Culture
Requirements for the Chinese Language and Literature Minor,http://catalogue.uci.edu/schoolofhumanities/departmentofeastasianstudies/#majorstext,Requirements for the Chinese Language and Literature Minor
Requirements for the Minor in Chinese Studies,http://catalogue.uci.edu/schoolofhumanities/departmentofeastasianstudies/#majorstext,Requirements for the Minor in Chinese Studies
Requirements for the Japanese Language and Literature Minor,http://catalogue.uci.edu/schoolofhumanities/departmentofeastasianstudies/#majorstext,Requirements for the Japanese Language and Literature Minor
Requirements for the Minor in Japanese Studies,http://catalogue.uci.edu/schoolofhumanities/departmentofeastasianstudies/#majorstext,Requirements for the Minor in Japanese Studies
Requirements for the Korean Literature and Culture Minor,http://catalogue.uci.edu/schoolofhumanities/departmentofeastasianstudies/#majorstext,Requirements for the Korean Literature and Culture Minor
Requirements for the B.A. in Classics,http://catalogue.uci.edu/schoolofhumanities/departmentofclassics/#majortext,"Classics, B.A."
Requirements for the Minor in Greek,http://catalogue.uci.edu/schoolofhumanities/departmentofclassics/#majortext,Requirements for the Minor in Greek
Requirements for the Minor in Latin,http://catalogue.uci.edu/schoolofhumanities/departmentofclassics/#majortext,Requirements for the Minor in Latin
Requirements for the Minor in Classical Civilization,http://catalogue.uci.edu/schoolofhumanities/departmentofclassics/#majortext,Requirements for the Minor in Classical Civilization
Requirements for the B.A. in Comparative Literature,http://catalogue.uci.edu/schoolofhumanities/departmentofcomparativeliterature/#majortext,"Comparative Literature, B.A."
Requirements for the B.A. in English,http://catalogue.uci.edu/schoolofhumanities/departmentofenglish/#majorstext,"English, B.A."
Requirements for the B.A. in English with a Specialization in English for Future Teachers,http://catalogue.uci.edu/schoolofhumanities/departmentofenglish/#majorstext,Requirements for the B.A. in English with a Specialization in English for Future Teachers
Requirements for the B.A. in Literary Journalism,http://catalogue.uci.edu/schoolofhumanities/departmentofenglish/#majorstext,Requirements for the B.A. in Literary Journalism
Departmental Requirements for the English Minor,http://catalogue.uci.edu/schoolofhumanities/departmentofenglish/#majorstext,Departmental Requirements for the English Minor
Departmental Requirements for the Literary Journalism Minor,http://catalogue.uci.edu/schoolofhumanities/departmentofenglish/#majorstext,Departmental Requirements for the Literary Journalism Minor
Requirements for the B.A. in European Studies,http://catalogue.uci.edu/schoolofhumanities/departmentofeuropeanlanguagesandstudies/#newitemtext,"European Studies, B.A."
Requirements for the Minor,http://catalogue.uci.edu/schoolofhumanities/departmentofeuropeanlanguagesandstudies/#newitemtext,Requirements for the Minor
Requirements for the B.A. in French,http://catalogue.uci.edu/schoolofhumanities/departmentofeuropeanlanguagesandstudies/#newitemtext,Requirements for the B.A. in French
Requirements for the French Minor,http://catalogue.uci.edu/schoolofhumanities/departmentofeuropeanlanguagesandstudies/#newitemtext,Requirements for the French Minor
Requirements for the B.A. in German Studies,http://catalogue.uci.edu/schoolofhumanities/departmentofeuropeanlanguagesandstudies/#newitemtext,Requirements for the B.A. in German Studies
Departmental Requirements for the Minor in German Studies,http://catalogue.uci.edu/schoolofhumanities/departmentofeuropeanlanguagesandstudies/#newitemtext,Departmental Requirements for the Minor in German Studies
Requirements for the Italian Studies Minor,http://catalogue.uci.edu/schoolofhumanities/departmentofeuropeanlanguagesandstudies/#newitemtext,Requirements for the Italian Studies Minor
Requirements for the Russian Studies Minor,http://catalogue.uci.edu/schoolofhumanities/departmentofeuropeanlanguagesandstudies/#newitemtext,Requirements for the Russian Studies Minor
Requirements for the B.A. in Film and Media Studies,http://catalogue.uci.edu/schoolofhumanities/departmentoffilmandmediastudies/#majortext,"Film and Media Studies, B.A."
Requirements for the Minor in Film and Media Studies,http://catalogue.uci.edu/schoolofhumanities/departmentoffilmandmediastudies/#majortext,Requirements for the Minor in Film and Media Studies
Requirements for the B.A. in French,http://catalogue.uci.edu/schoolofhumanities/departmentofeuropeanlanguagesandstudies/#frenchtext,"French, B.A."
Requirements for the B.A. in European Studies,http://catalogue.uci.edu/schoolofhumanities/departmentofeuropeanlanguagesandstudies/#frenchtext,Requirements for the B.A. in European Studies
Requirements for the Minor,http://catalogue.uci.edu/schoolofhumanities/departmentofeuropeanlanguagesandstudies/#frenchtext,Requirements for the Minor
Requirements for the French Minor,http://catalogue.uci.edu/schoolofhumanities/departmentofeuropeanlanguagesandstudies/#frenchtext,Requirements for the French Minor
Requirements for the B.A. in German Studies,http://catalogue.uci.edu/schoolofhumanities/departmentofeuropeanlanguagesandstudies/#frenchtext,Requirements for the B.A. in German Studies
Departmental Requirements for the Minor in German Studies,http://catalogue.uci.edu/schoolofhumanities/departmentofeuropeanlanguagesandstudies/#frenchtext,Departmental Requirements for the Minor in German Studies
Requirements for the Italian Studies Minor,http://catalogue.uci.edu/schoolofhumanities/departmentofeuropeanlanguagesandstudies/#frenchtext,Requirements for the Italian Studies Minor
Requirements for the Russian Studies Minor,http://catalogue.uci.edu/schoolofhumanities/departmentofeuropeanlanguagesandstudies/#frenchtext,Requirements for the Russian Studies Minor
Requirements for the B.A. in Gender and Sexuality Studies,http://catalogue.uci.edu/schoolofhumanities/departmentofgenderandsexualitystudies/#majortext,Requirements for the B.A. in Gender and Sexuality Studies
Requirements for the Minor in Gender and Sexuality Studies,http://catalogue.uci.edu/schoolofhumanities/departmentofgenderandsexualitystudies/#majortext,Requirements for the Minor in Gender and Sexuality Studies
Requirements for the Minor in Queer Studies,http://catalogue.uci.edu/schoolofhumanities/departmentofgenderandsexualitystudies/#majortext,Requirements for the Minor in Queer Studies
Requirements for the B.A. in German Studies,http://catalogue.uci.edu/schoolofhumanities/departmentofeuropeanlanguagesandstudies/#germanstudiestext,"German Studies, B.A."
Requirements for the B.A. in European Studies,http://catalogue.uci.edu/schoolofhumanities/departmentofeuropeanlanguagesandstudies/#germanstudiestext,Requirements for the B.A. in European Studies
Requirements for the Minor,http://catalogue.uci.edu/schoolofhumanities/departmentofeuropeanlanguagesandstudies/#germanstudiestext,Requirements for the Minor
Requirements for the B.A. in French,http://catalogue.uci.edu/schoolofhumanities/departmentofeuropeanlanguagesandstudies/#germanstudiestext,Requirements for the B.A. in French
Requirements for the French Minor,http://catalogue.uci.edu/schoolofhumanities/departmentofeuropeanlanguagesandstudies/#germanstudiestext,Requirements for the French Minor
Departmental Requirements for the Minor in German Studies,http://catalogue.uci.edu/schoolofhumanities/departmentofeuropeanlanguagesandstudies/#germanstudiestext,Departmental Requirements for the Minor in German Studies
Requirements for the Italian Studies Minor,http://catalogue.uci.edu/schoolofhumanities/departmentofeuropeanlanguagesandstudies/#germanstudiestext,Requirements for the Italian Studies Minor
Requirements for the Russian Studies Minor,http://catalogue.uci.edu/schoolofhumanities/departmentofeuropeanlanguagesandstudies/#germanstudiestext,Requirements for the Russian Studies Minor
Requirements for the B.A. in Global Cultures,http://catalogue.uci.edu/schoolofhumanities/undergraduateprograminglobalcultures/#majortext,"Global Cultures, B.A."
Requirements for the Minor in Global Cultures,http://catalogue.uci.edu/schoolofhumanities/undergraduateprograminglobalcultures/#majortext,Requirements for the Minor in Global Cultures
Requirements for the B.A. in Global Middle East Studies,http://catalogue.uci.edu/globalmiddleeaststudies/#majortext,"Global Middle East Studies, B.A."
Requirements for the Minor in Global Middle East Studies,http://catalogue.uci.edu/globalmiddleeaststudies/#majortext,Requirements for the Minor in Global Middle East Studies
Requirements for the B.A. in History,http://catalogue.uci.edu/schoolofhumanities/departmentofhistory/#majortext,"History, B.A."
Requirements for the B.A. in History with a Specialization in History for Future Teachers,http://catalogue.uci.edu/schoolofhumanities/departmentofhistory/#majortext,Requirements for the B.A. in History with a Specialization in History for Future Teachers
Requirements for the Minor in History,http://catalogue.uci.edu/schoolofhumanities/departmentofhistory/#majortext,Requirements for the Minor in History
Requirements for the Minor in Armenian Studies,http://catalogue.uci.edu/schoolofhumanities/departmentofhistory/#majortext,Requirements for the Minor in Armenian Studies
Requirements for the B.A. in Philosophy,http://catalogue.uci.edu/schoolofhumanities/departmentofphilosophy/#majortext,"Philosophy, B.A."
Requirements for the B.A. in Philosophy with a Specialization in Medicine and Well-Being,http://catalogue.uci.edu/schoolofhumanities/departmentofphilosophy/#majortext,Requirements for the B.A. in Philosophy with a Specialization in Medicine and Well-Being
Requirements for the B.A. in Philosophy with a Specialization in Law and Society,http://catalogue.uci.edu/schoolofhumanities/departmentofphilosophy/#majortext,Requirements for the B.A. in Philosophy with a Specialization in Law and Society
Requirements for the Minor in Philosophy,http://catalogue.uci.edu/schoolofhumanities/departmentofphilosophy/#majortext,Requirements for the Minor in Philosophy
Requirements for the M.A. in Philosophy,http://catalogue.uci.edu/schoolofhumanities/departmentofphilosophy/#majortext,Requirements for the M.A. in Philosophy
Requirements for the Ph.D. in Philosophy,http://catalogue.uci.edu/schoolofhumanities/departmentofphilosophy/#majortext,Requirements for the Ph.D. in Philosophy
Requirements for the B.A. in Religious Studies,http://catalogue.uci.edu/schoolofhumanities/undergraduateprograminreligiousstudies/#majortext,"Religious Studies, B.A."
Requirements for the Minor in Religious Studies,http://catalogue.uci.edu/schoolofhumanities/undergraduateprograminreligiousstudies/#majortext,Requirements for the Minor in Religious Studies
Requirements for the B.A. in Spanish,http://catalogue.uci.edu/schoolofhumanities/departmentofspanishandportuguese/#majorstext,"Spanish, B.A."
Requirements for the Minor in Spanish,http://catalogue.uci.edu/schoolofhumanities/departmentofspanishandportuguese/#majorstext,Requirements for the Minor in Spanish
Requirements for the Minor in Spanish/English Bilingual Education,http://catalogue.uci.edu/schoolofhumanities/departmentofspanishandportuguese/#majorstext,Requirements for the Minor in Spanish/English Bilingual Education
Requirements for the B.A. in African American Studies,http://catalogue.uci.edu/schoolofhumanities/departmentofafricanamericanstudies/#minortext,African American Studies
Requirements for the Minor in African American Studies,http://catalogue.uci.edu/schoolofhumanities/departmentofafricanamericanstudies/#minortext,Requirements for the Minor in African American Studies
Requirements for the Minor in Archaeology,http://catalogue.uci.edu/schoolofhumanities/departmentofarthistory/#minortext,Archaeology
Requirements for the B.A. in Art History,http://catalogue.uci.edu/schoolofhumanities/departmentofarthistory/#minortext,Requirements for the B.A. in Art History
Requirements for the Minor in Art History,http://catalogue.uci.edu/schoolofhumanities/departmentofarthistory/#minortext,Requirements for the Minor in Art History
Requirements for the Minor in Armenian Studies,http://catalogue.uci.edu/schoolofhumanities/departmentofhistory/#minortext,Armenian Studies
Requirements for the B.A. in History,http://catalogue.uci.edu/schoolofhumanities/departmentofhistory/#minortext,Requirements for the B.A. in History
Requirements for the B.A. in History with a Specialization in History for Future Teachers,http://catalogue.uci.edu/schoolofhumanities/departmentofhistory/#minortext,Requirements for the B.A. in History with a Specialization in History for Future Teachers
Requirements for the Minor in History,http://catalogue.uci.edu/schoolofhumanities/departmentofhistory/#minortext,Requirements for the Minor in History
Requirements for the B.A. in Asian American Studies,http://catalogue.uci.edu/schoolofhumanities/departmentofasianamericanstudies/#minortext,Asian American Studies
Requirements for the Minor in Asian American Studies,http://catalogue.uci.edu/schoolofhumanities/departmentofasianamericanstudies/#minortext,Requirements for the Minor in Asian American Studies
Requirements for the Interdisciplinary Minor in Asian Studies,http://catalogue.uci.edu/schoolofhumanities/specialprograms/#asianstudiestext,Asian Studies
Requirements for the Minor in Humanities and Law,http://catalogue.uci.edu/schoolofhumanities/specialprograms/#asianstudiestext,Requirements for the Minor in Humanities and Law
Requirements for the Minor in Jewish Studies,http://catalogue.uci.edu/schoolofhumanities/specialprograms/#asianstudiestext,Requirements for the Minor in Jewish Studies
Requirements for the Minor in Latin American Studies,http://catalogue.uci.edu/schoolofhumanities/specialprograms/#asianstudiestext,Requirements for the Minor in Latin American Studies
Requirements for the Minor in Medical Humanities,http://catalogue.uci.edu/schoolofhumanities/specialprograms/#asianstudiestext,Requirements for the Minor in Medical Humanities
Requirements for the Chinese Language and Literature Minor,http://catalogue.uci.edu/schoolofhumanities/departmentofeastasianstudies/#minorstext,Chinese Language and Literature
Requirements for the B.A. in Japanese Language and Literature,http://catalogue.uci.edu/schoolofhumanities/departmentofeastasianstudies/#minorstext,Japanese Language and Literature
Requirements for the B.A. in Korean Literature and Culture,http://catalogue.uci.edu/schoolofhumanities/departmentofeastasianstudies/#minorstext,Korean Literature and Culture
Requirements for the B.A. in Chinese Studies,http://catalogue.uci.edu/schoolofhumanities/departmentofeastasianstudies/#minorstext,Requirements for the B.A. in Chinese Studies
Requirements for the B.A. in East Asian Cultures,http://catalogue.uci.edu/schoolofhumanities/departmentofeastasianstudies/#minorstext,Requirements for the B.A. in East Asian Cultures
Requirements for the Minor in Chinese Studies,http://catalogue.uci.edu/schoolofhumanities/departmentofeastasianstudies/#minorstext,Requirements for the Minor in Chinese Studies
Requirements for the Japanese Language and Literature Minor,http://catalogue.uci.edu/schoolofhumanities/departmentofeastasianstudies/#minorstext,Requirements for the Japanese Language and Literature Minor
Requirements for the Minor in Japanese Studies,http://catalogue.uci.edu/schoolofhumanities/departmentofeastasianstudies/#minorstext,Requirements for the Minor in Japanese Studies
Requirements for the Korean Literature and Culture Minor,http://catalogue.uci.edu/schoolofhumanities/departmentofeastasianstudies/#minorstext,Requirements for the Korean Literature and Culture Minor
Requirements for the Minor in Classical Civilization,http://catalogue.uci.edu/schoolofhumanities/departmentofclassics/#minorstext,Classical Civilization
Requirements for the Minor in Latin,http://catalogue.uci.edu/schoolofhumanities/departmentofclassics/#minorstext,Latin
Requirements for the B.A. in Classics,http://catalogue.uci.edu/schoolofhumanities/departmentofclassics/#minorstext,Requirements for the B.A. in Classics
Requirements for the Minor in Greek,http://catalogue.uci.edu/schoolofhumanities/departmentofclassics/#minorstext,Requirements for the Minor in Greek
Requirements for the B.A. in Comparative Literature,http://catalogue.uci.edu/schoolofhumanities/departmentofcomparativeliterature/#minortext,Comparative Literature
Requirements for the B.A. in English,http://catalogue.uci.edu/schoolofhumanities/departmentofenglish/#minorstext,English
Requirements for the B.A. in English with a Specialization in English for Future Teachers,http://catalogue.uci.edu/schoolofhumanities/departmentofenglish/#minorstext,Requirements for the B.A. in English with a Specialization in English for Future Teachers
Requirements for the B.A. in Literary Journalism,http://catalogue.uci.edu/schoolofhumanities/departmentofenglish/#minorstext,Requirements for the B.A. in Literary Journalism
Departmental Requirements for the English Minor,http://catalogue.uci.edu/schoolofhumanities/departmentofenglish/#minorstext,Departmental Requirements for the English Minor
Departmental Requirements for the Literary Journalism Minor,http://catalogue.uci.edu/schoolofhumanities/departmentofenglish/#minorstext,Departmental Requirements for the Literary Journalism Minor
Requirements for the B.A. in Film and Media Studies,http://catalogue.uci.edu/schoolofhumanities/departmentoffilmandmediastudies/#minortext,Film and Media Studies
Requirements for the Minor in Film and Media Studies,http://catalogue.uci.edu/schoolofhumanities/departmentoffilmandmediastudies/#minortext,Requirements for the Minor in Film and Media Studies
Requirements for the B.A. in Gender and Sexuality Studies,http://catalogue.uci.edu/schoolofhumanities/departmentofgenderandsexualitystudies/#minortext,Gender and Sexuality Studies
Requirements for the Minor in Gender and Sexuality Studies,http://catalogue.uci.edu/schoolofhumanities/departmentofgenderandsexualitystudies/#minortext,Requirements for the Minor in Gender and Sexuality Studies
Requirements for the Minor in Queer Studies,http://catalogue.uci.edu/schoolofhumanities/departmentofgenderandsexualitystudies/#minortext,Requirements for the Minor in Queer Studies
Requirements for the B.A. in Global Cultures,http://catalogue.uci.edu/schoolofhumanities/undergraduateprograminglobalcultures/#minortext,Global Cultures
Requirements for the Minor in Global Cultures,http://catalogue.uci.edu/schoolofhumanities/undergraduateprograminglobalcultures/#minortext,Requirements for the Minor in Global Cultures
Requirements for the B.A. in Global Middle East Studies,http://catalogue.uci.edu/globalmiddleeaststudies/#minortext,Global Middle East Studies
Requirements for the Minor in Global Middle East Studies,http://catalogue.uci.edu/globalmiddleeaststudies/#minortext,Requirements for the Minor in Global Middle East Studies
Requirements for the Minor in Humanities and Law,http://catalogue.uci.edu/schoolofhumanities/specialprograms/#humanitiesandlawtext,Humanities and Law
Requirements for the Interdisciplinary Minor in Asian Studies,http://catalogue.uci.edu/schoolofhumanities/specialprograms/#humanitiesandlawtext,Requirements for the Interdisciplinary Minor in Asian Studies
Requirements for the Minor in Jewish Studies,http://catalogue.uci.edu/schoolofhumanities/specialprograms/#humanitiesandlawtext,Requirements for the Minor in Jewish Studies
Requirements for the Minor in Latin American Studies,http://catalogue.uci.edu/schoolofhumanities/specialprograms/#humanitiesandlawtext,Requirements for the Minor in Latin American Studies
Requirements for the Minor in Medical Humanities,http://catalogue.uci.edu/schoolofhumanities/specialprograms/#humanitiesandlawtext,Requirements for the Minor in Medical Humanities
Requirements for the Italian Studies Minor,http://catalogue.uci.edu/schoolofhumanities/departmentofeuropeanlanguagesandstudies/#italiantext,Italian Studies
Requirements for the B.A. in European Studies,http://catalogue.uci.edu/schoolofhumanities/departmentofeuropeanlanguagesandstudies/#italiantext,Requirements for the B.A. in European Studies
Requirements for the Minor,http://catalogue.uci.edu/schoolofhumanities/departmentofeuropeanlanguagesandstudies/#italiantext,Requirements for the Minor
Requirements for the B.A. in French,http://catalogue.uci.edu/schoolofhumanities/departmentofeuropeanlanguagesandstudies/#italiantext,Requirements for the B.A. in French
Requirements for the French Minor,http://catalogue.uci.edu/schoolofhumanities/departmentofeuropeanlanguagesandstudies/#italiantext,Requirements for the French Minor
Requirements for the B.A. in German Studies,http://catalogue.uci.edu/schoolofhumanities/departmentofeuropeanlanguagesandstudies/#italiantext,Requirements for the B.A. in German Studies
Departmental Requirements for the Minor in German Studies,http://catalogue.uci.edu/schoolofhumanities/departmentofeuropeanlanguagesandstudies/#italiantext,Departmental Requirements for the Minor in German Studies
Requirements for the Russian Studies Minor,http://catalogue.uci.edu/schoolofhumanities/departmentofeuropeanlanguagesandstudies/#italiantext,Requirements for the Russian Studies Minor
Requirements for the Minor in Jewish Studies,http://catalogue.uci.edu/schoolofhumanities/specialprograms/#jewishstudiestext,Jewish Studies
Requirements for the Minor in Humanities and Law,http://catalogue.uci.edu/schoolofhumanities/specialprograms/#jewishstudiestext,Requirements for the Minor in Humanities and Law
Requirements for the Interdisciplinary Minor in Asian Studies,http://catalogue.uci.edu/schoolofhumanities/specialprograms/#jewishstudiestext,Requirements for the Interdisciplinary Minor in Asian Studies
Requirements for the Minor in Latin American Studies,http://catalogue.uci.edu/schoolofhumanities/specialprograms/#jewishstudiestext,Requirements for the Minor in Latin American Studies
Requirements for the Minor in Medical Humanities,http://catalogue.uci.edu/schoolofhumanities/specialprograms/#jewishstudiestext,Requirements for the Minor in Medical Humanities
Requirements for the Minor in Latin American Studies,http://catalogue.uci.edu/schoolofhumanities/specialprograms/#latinamericanstudiestext,Latin American Studies
Requirements for the Minor in Humanities and Law,http://catalogue.uci.edu/schoolofhumanities/specialprograms/#latinamericanstudiestext,Requirements for the Minor in Humanities and Law
Requirements for the Interdisciplinary Minor in Asian Studies,http://catalogue.uci.edu/schoolofhumanities/specialprograms/#latinamericanstudiestext,Requirements for the Interdisciplinary Minor in Asian Studies
Requirements for the Minor in Jewish Studies,http://catalogue.uci.edu/schoolofhumanities/specialprograms/#latinamericanstudiestext,Requirements for the Minor in Jewish Studies
Requirements for the Minor in Medical Humanities,http://catalogue.uci.edu/schoolofhumanities/specialprograms/#latinamericanstudiestext,Requirements for the Minor in Medical Humanities
Requirements for the Minor in Medical Humanities,http://catalogue.uci.edu/schoolofhumanities/specialprograms/#medicalhumanitiesminortext,Medical Humanities
Requirements for the Minor in Humanities and Law,http://catalogue.uci.edu/schoolofhumanities/specialprograms/#medicalhumanitiesminortext,Requirements for the Minor in Humanities and Law
Requirements for the Interdisciplinary Minor in Asian Studies,http://catalogue.uci.edu/schoolofhumanities/specialprograms/#medicalhumanitiesminortext,Requirements for the Interdisciplinary Minor in Asian Studies
Requirements for the Minor in Jewish Studies,http://catalogue.uci.edu/schoolofhumanities/specialprograms/#medicalhumanitiesminortext,Requirements for the Minor in Jewish Studies
Requirements for the Minor in Latin American Studies,http://catalogue.uci.edu/schoolofhumanities/specialprograms/#medicalhumanitiesminortext,Requirements for the Minor in Latin American Studies
Requirements for the Minor in Humanities and Law,http://catalogue.uci.edu/schoolofhumanities/specialprograms/#persianstudiesminortext,Requirements for the Minor in Humanities and Law
Requirements for the Interdisciplinary Minor in Asian Studies,http://catalogue.uci.edu/schoolofhumanities/specialprograms/#persianstudiesminortext,Requirements for the Interdisciplinary Minor in Asian Studies
Requirements for the Minor in Jewish Studies,http://catalogue.uci.edu/schoolofhumanities/specialprograms/#persianstudiesminortext,Requirements for the Minor in Jewish Studies
Requirements for the Minor in Latin American Studies,http://catalogue.uci.edu/schoolofhumanities/specialprograms/#persianstudiesminortext,Requirements for the Minor in Latin American Studies
Requirements for the Minor in Medical Humanities,http://catalogue.uci.edu/schoolofhumanities/specialprograms/#persianstudiesminortext,Requirements for the Minor in Medical Humanities
Requirements for the B.A. in Philosophy,http://catalogue.uci.edu/schoolofhumanities/departmentofphilosophy/#minortext,Philosophy
Requirements for the B.A. in Philosophy with a Specialization in Medicine and Well-Being,http://catalogue.uci.edu/schoolofhumanities/departmentofphilosophy/#minortext,Requirements for the B.A. in Philosophy with a Specialization in Medicine and Well-Being
Requirements for the B.A. in Philosophy with a Specialization in Law and Society,http://catalogue.uci.edu/schoolofhumanities/departmentofphilosophy/#minortext,Requirements for the B.A. in Philosophy with a Specialization in Law and Society
Requirements for the Minor in Philosophy,http://catalogue.uci.edu/schoolofhumanities/departmentofphilosophy/#minortext,Requirements for the Minor in Philosophy
Requirements for the M.A. in Philosophy,http://catalogue.uci.edu/schoolofhumanities/departmentofphilosophy/#minortext,Requirements for the M.A. in Philosophy
Requirements for the Ph.D. in Philosophy,http://catalogue.uci.edu/schoolofhumanities/departmentofphilosophy/#minortext,Requirements for the Ph.D. in Philosophy
Requirements for the B.A. in Religious Studies,http://catalogue.uci.edu/schoolofhumanities/undergraduateprograminreligiousstudies/#minortext,Religious Studies
Requirements for the Minor in Religious Studies,http://catalogue.uci.edu/schoolofhumanities/undergraduateprograminreligiousstudies/#minortext,Requirements for the Minor in Religious Studies
Requirements for the Russian Studies Minor,http://catalogue.uci.edu/schoolofhumanities/departmentofeuropeanlanguagesandstudies/#russianstudiestext,Russian Studies
Requirements for the B.A. in European Studies,http://catalogue.uci.edu/schoolofhumanities/departmentofeuropeanlanguagesandstudies/#russianstudiestext,Requirements for the B.A. in European Studies
Requirements for the Minor,http://catalogue.uci.edu/schoolofhumanities/departmentofeuropeanlanguagesandstudies/#russianstudiestext,Requirements for the Minor
Requirements for the B.A. in French,http://catalogue.uci.edu/schoolofhumanities/departmentofeuropeanlanguagesandstudies/#russianstudiestext,Requirements for the B.A. in French
Requirements for the French Minor,http://catalogue.uci.edu/schoolofhumanities/departmentofeuropeanlanguagesandstudies/#russianstudiestext,Requirements for the French Minor
Requirements for the B.A. in German Studies,http://catalogue.uci.edu/schoolofhumanities/departmentofeuropeanlanguagesandstudies/#russianstudiestext,Requirements for the B.A. in German Studies
Departmental Requirements for the Minor in German Studies,http://catalogue.uci.edu/schoolofhumanities/departmentofeuropeanlanguagesandstudies/#russianstudiestext,Departmental Requirements for the Minor in German Studies
Requirements for the Italian Studies Minor,http://catalogue.uci.edu/schoolofhumanities/departmentofeuropeanlanguagesandstudies/#russianstudiestext,Requirements for the Italian Studies Minor
Requirements for the B.A. in Spanish,http://catalogue.uci.edu/schoolofhumanities/departmentofspanishandportuguese/#minorstext,Spanish
Requirements for the Minor in Spanish,http://catalogue.uci.edu/schoolofhumanities/departmentofspanishandportuguese/#minorstext,Requirements for the Minor in Spanish
Requirements for the Minor in Spanish/English Bilingual Education,http://catalogue.uci.edu/schoolofhumanities/departmentofspanishandportuguese/#minorstext,Requirements for the Minor in Spanish/English Bilingual Education
Requirements for the B.S. in Computer Science,http://catalogue.uci.edu/donaldbrenschoolofinformationandcomputersciences/departmentofcomputerscience/#majorstext,"Computer Science, B.S."
Requirements for the B.S. in Computer Science and Engineering,http://catalogue.uci.edu/donaldbrenschoolofinformationandcomputersciences/departmentofcomputerscience/#majorstext,Requirements for the B.S. in Computer Science and Engineering
Requirements for the Minor in Bioinformatics,http://catalogue.uci.edu/donaldbrenschoolofinformationandcomputersciences/departmentofcomputerscience/#majorstext,Requirements for the Minor in Bioinformatics
Requirements for the B.S. in Computer Science and Engineering,http://catalogue.uci.edu/interdisciplinarystudies/computerscienceandengineering/,"Computer Science and Engineering, B.S."
Requirements for the B.S. in Data Science,http://catalogue.uci.edu/donaldbrenschoolofinformationandcomputersciences/departmentofstatistics/#majortext,"Data Science, B.S."
Requirements for the Minor,http://catalogue.uci.edu/donaldbrenschoolofinformationandcomputersciences/departmentofstatistics/#majortext,Requirements for the Minor
Requirements for the B.S. in Informatics,http://catalogue.uci.edu/donaldbrenschoolofinformationandcomputersciences/departmentofinformatics/#majortext,"Informatics, B.S."
Requirements for the Minor in Digital Information Systems,http://catalogue.uci.edu/donaldbrenschoolofinformationandcomputersciences/departmentofinformatics/#majortext,Requirements for the Minor in Digital Information Systems
Requirements for the Minor in Health Informatics,http://catalogue.uci.edu/donaldbrenschoolofinformationandcomputersciences/departmentofinformatics/#majortext,Requirements for the Minor in Health Informatics
Requirements for the Minor in Informatics,http://catalogue.uci.edu/donaldbrenschoolofinformationandcomputersciences/departmentofinformatics/#majortext,Requirements for the Minor in Informatics
Requirements for the Minor in Bioinformatics,http://catalogue.uci.edu/donaldbrenschoolofinformationandcomputersciences/departmentofcomputerscience/#minortext,Bioinformatics
Requirements for the B.S. in Computer Science,http://catalogue.uci.edu/donaldbrenschoolofinformationandcomputersciences/departmentofcomputerscience/#minortext,Requirements for the B.S. in Computer Science
Requirements for the B.S. in Computer Science and Engineering,http://catalogue.uci.edu/donaldbrenschoolofinformationandcomputersciences/departmentofcomputerscience/#minortext,Requirements for the B.S. in Computer Science and Engineering
Requirements for the Minor in Digital Information Systems,http://catalogue.uci.edu/donaldbrenschoolofinformationandcomputersciences/departmentofinformatics/#minorstext,Digital Information Systems
Requirements for the B.S. in Informatics,http://catalogue.uci.edu/donaldbrenschoolofinformationandcomputersciences/departmentofinformatics/#minorstext,Informatics
Requirements for the Minor in Health Informatics,http://catalogue.uci.edu/donaldbrenschoolofinformationandcomputersciences/departmentofinformatics/#minorstext,Requirements for the Minor in Health Informatics
Requirements for the Minor in Informatics,http://catalogue.uci.edu/donaldbrenschoolofinformationandcomputersciences/departmentofinformatics/#minorstext,Requirements for the Minor in Informatics
Requirements for the B.S. in Information and Computer Science,http://catalogue.uci.edu/donaldbrenschoolofinformationandcomputersciences/#icsminor,Information and Computer Science
Requirements for the B.S. in Business Information Management,http://catalogue.uci.edu/donaldbrenschoolofinformationandcomputersciences/#icsminor,Requirements for the B.S. in Business Information Management
Requirements for the B.S. in Computer Game Science,http://catalogue.uci.edu/donaldbrenschoolofinformationandcomputersciences/#icsminor,Requirements for the B.S. in Computer Game Science
Requirements for the B.S. in Software Engineering,http://catalogue.uci.edu/donaldbrenschoolofinformationandcomputersciences/#icsminor,Requirements for the B.S. in Software Engineering
Requirements for the Minor in Information and Computer Science,http://catalogue.uci.edu/donaldbrenschoolofinformationandcomputersciences/#icsminor,Requirements for the Minor in Information and Computer Science
Requirements for the B.S. in Data Science,http://catalogue.uci.edu/donaldbrenschoolofinformationandcomputersciences/departmentofstatistics/#minortext,Requirements for the B.S. in Data Science
Requirements for the Minor,http://catalogue.uci.edu/donaldbrenschoolofinformationandcomputersciences/departmentofstatistics/#minortext,Requirements for the Minor
Requirements for the B.S. in Business Information Management,http://catalogue.uci.edu/interdisciplinarystudies/businessinformationmanagement/,"Business Information Management, B.S."
Requirements for the B.A. in Environmental Science and Policy,http://catalogue.uci.edu/interdisciplinarystudies/environmentalscienceandpolicy/,"Environmental Science and Policy, B.A."
Requirements for the Minor,http://catalogue.uci.edu/interdisciplinarystudies/civicandcommunityengagement/,Requirements for the Minor
Requirements for the Minor,http://catalogue.uci.edu/interdisciplinarystudies/globalsustainability/,Requirements for the Minor
Requirements for the Minor,http://catalogue.uci.edu/interdisciplinarystudies/historyandphilosophyofscience/,Requirements for the Minor
Requirements for the Minor,http://catalogue.uci.edu/interdisciplinarystudies/nativeamericanstudies/,Requirements for the Minor
Requirements for the B.S. in Nursing Science,http://catalogue.uci.edu/sueandbillgrossschoolofnursing/#undergraduatetext,"Nursing Science, B.S."
Requirements for the B.S. in Pharmaceutical Sciences,http://catalogue.uci.edu/departmentofpharmaceuticalsciences/#undergraduatetext,"Pharmaceutical Sciences, B.S."
Requirements for the B.S. in Applied Physics (with Concentrations),http://catalogue.uci.edu/schoolofphysicalsciences/departmentofphysicsandastronomy/#undergraduatetext,"Applied Physics, B.S."
Requirements for the B.S. in Physics (with Concentrations and a Specialization),http://catalogue.uci.edu/schoolofphysicalsciences/departmentofphysicsandastronomy/#undergraduatetext,"Physics, B.S."
Requirements for the B.S. in Chemistry,http://catalogue.uci.edu/schoolofphysicalsciences/departmentofchemistry/#majortext,"Chemistry, B.S."
Requirements for the B.S. in Earth System Science (including optional Specializations and a Concentration),http://catalogue.uci.edu/schoolofphysicalsciences/departmentofearthsystemscience/#majorstext,"Earth System Science, B.S."
Requirements for the B.A. in Environmental Science (including a Concentration),http://catalogue.uci.edu/schoolofphysicalsciences/departmentofearthsystemscience/#majorstext,"Environmental Science, B.A."
Requirements for the B.A. in Environmental Science and Policy,http://catalogue.uci.edu/schoolofphysicalsciences/departmentofearthsystemscience/#majorstext,Requirements for the B.A. in Environmental Science and Policy
Requirements for the Minor in Earth and Atmospheric Sciences,http://catalogue.uci.edu/schoolofphysicalsciences/departmentofearthsystemscience/#majorstext,Requirements for the Minor in Earth and Atmospheric Sciences
Requirements for the B.S. in Mathematics (including Concentrations and Specializations),http://catalogue.uci.edu/schoolofphysicalsciences/departmentofmathematics/#majorstext,"Mathematics, B.S."
Requirements for the Pure Mathematics Major,http://catalogue.uci.edu/schoolofphysicalsciences/departmentofmathematics/#majorstext,Requirements for the Pure Mathematics Major
Requirements for the Minor in Mathematics,http://catalogue.uci.edu/schoolofphysicalsciences/departmentofmathematics/#majorstext,Requirements for the Minor in Mathematics
Requirements for the Minor in Mathematics for Biology,http://catalogue.uci.edu/schoolofphysicalsciences/departmentofmathematics/#majorstext,Requirements for the Minor in Mathematics for Biology
Requirements for the Minor in Earth and Atmospheric Sciences,http://catalogue.uci.edu/schoolofphysicalsciences/departmentofearthsystemscience/#minortext,Earth and Atmospheric Sciences
Requirements for the B.S. in Earth System Science (including optional Specializations and a Concentration),http://catalogue.uci.edu/schoolofphysicalsciences/departmentofearthsystemscience/#minortext,Requirements for the B.S. in Earth System Science (including optional Specializations and a Concentration)
Requirements for the B.A. in Environmental Science (including a Concentration),http://catalogue.uci.edu/schoolofphysicalsciences/departmentofearthsystemscience/#minortext,Requirements for the B.A. in Environmental Science (including a Concentration)
Requirements for the B.A. in Environmental Science and Policy,http://catalogue.uci.edu/schoolofphysicalsciences/departmentofearthsystemscience/#minortext,Requirements for the B.A. in Environmental Science and Policy
Requirements for the B.S. in Mathematics (including Concentrations and Specializations),http://catalogue.uci.edu/schoolofphysicalsciences/departmentofmathematics/#minorstext,Mathematics
Requirements for the Pure Mathematics Major,http://catalogue.uci.edu/schoolofphysicalsciences/departmentofmathematics/#minorstext,Requirements for the Pure Mathematics Major
Requirements for the Minor in Mathematics,http://catalogue.uci.edu/schoolofphysicalsciences/departmentofmathematics/#minorstext,Requirements for the Minor in Mathematics
Requirements for the Minor in Mathematics for Biology,http://catalogue.uci.edu/schoolofphysicalsciences/departmentofmathematics/#minorstext,Requirements for the Minor in Mathematics for Biology
Requirements for the B.A. in Public Health Policy,http://catalogue.uci.edu/programinpublichealth/#undergraduatetext,"Public Health Policy, B.A."
Requirements for the B.S. in Public Health Sciences,http://catalogue.uci.edu/programinpublichealth/#undergraduatetext,Public Health
Requirements for the Bachelor's Degree,http://catalogue.uci.edu/programinpublichealth/#undergraduatetext,Requirements for the Bachelor's Degree
Requirements for the Minor,http://catalogue.uci.edu/programinpublichealth/#undergraduatetext,Requirements for the Minor
Requirements for the Minor,http://catalogue.uci.edu/programinpublichealth/#undergraduatetext,Requirements for the Minor
"Requirements for the B.A. in Criminology, Law and Society",http://catalogue.uci.edu/schoolofsocialecology/departmentofcriminologylawandsociety/#majortext,"Requirements for the B.A. in Criminology, Law and Society"
"Requirements for the Minor in Criminology, Law and Society",http://catalogue.uci.edu/schoolofsocialecology/departmentofcriminologylawandsociety/#majortext,"Requirements for the Minor in Criminology, Law and Society"
Requirements for the B.A. in Psychological Science,http://catalogue.uci.edu/schoolofsocialecology/departmentofpsychologicalscience/#majortext,"Psychological Science, B.A."
Requirements for the Minor in Psychological Science,http://catalogue.uci.edu/schoolofsocialecology/departmentofpsychologicalscience/#majortext,Requirements for the Minor in Psychological Science
Requirements for the B.A. in Social Ecology,http://catalogue.uci.edu/schoolofsocialecology/#undergraduatetext,"Social Ecology, B.A."
Requirements for the Bachelors Degree,http://catalogue.uci.edu/schoolofsocialecology/#undergraduatetext,Requirements for the Bachelors Degree
Requirements for the B.A. in Urban Studies,http://catalogue.uci.edu/schoolofsocialecology/departmentofplanningpolicyanddesign/#majortext,"Urban Studies, B.A."
"Requirements for the B.A. in Criminology, Law and Society",http://catalogue.uci.edu/schoolofsocialecology/departmentofcriminologylawandsociety/#minortext,"Criminology, Law and Society"
"Requirements for the Minor in Criminology, Law and Society",http://catalogue.uci.edu/schoolofsocialecology/departmentofcriminologylawandsociety/#minortext,"Requirements for the Minor in Criminology, Law and Society"
Requirements for the B.A. in Psychological Science,http://catalogue.uci.edu/schoolofsocialecology/departmentofpsychologicalscience/#minortext,Psychological Science
Requirements for the Minor in Psychological Science,http://catalogue.uci.edu/schoolofsocialecology/departmentofpsychologicalscience/#minortext,Requirements for the Minor in Psychological Science
Requirements for the B.A. in Urban Studies,http://catalogue.uci.edu/schoolofsocialecology/departmentofplanningpolicyanddesign/#minorstext,Urban Studies
Requirements for the B.A. in Anthropology,http://catalogue.uci.edu/schoolofsocialsciences/departmentofanthropology/#majortext,"Anthropology, B.A."
Requirements for the B.A. in Business Economics,http://catalogue.uci.edu/schoolofsocialsciences/departmentofeconomics/#majorstext,"Business Economics, B.A."
Requirements for the B.A. in Quantitative Economics,http://catalogue.uci.edu/schoolofsocialsciences/departmentofeconomics/#majorstext,"Quantitative Economics, B.A."
Requirements for the B.A. in Economics,http://catalogue.uci.edu/schoolofsocialsciences/departmentofeconomics/#majorstext,Requirements for the B.A. in Economics
Requirements for the B.A. in Chicano/Latino Studies,http://catalogue.uci.edu/schoolofsocialsciences/departmentofchicanolatinostudies/#majortext,"Chicano/Latino Studies, B.A."
Requirements for the Minor in Chicano/Latino Studies,http://catalogue.uci.edu/schoolofsocialsciences/departmentofchicanolatinostudies/#majortext,Requirements for the Minor in Chicano/Latino Studies
Requirements for the B.S. in Cognitive Sciences,http://catalogue.uci.edu/schoolofsocialsciences/departmentofcognitivesciences/#majortext,"Cognitive Sciences, B.S."
Requirements for the B.S. in Psychology,http://catalogue.uci.edu/schoolofsocialsciences/departmentofcognitivesciences/#majortext,"Psychology, B.S."
Requirements for the B.A. in Psychology,http://catalogue.uci.edu/schoolofsocialsciences/departmentofcognitivesciences/#majortext,Requirements for the B.A. in Psychology
Requirements for the Ph.D.,http://catalogue.uci.edu/schoolofsocialsciences/departmentofcognitivesciences/#majortext,Requirements for the Ph.D.
Requirements for the B.A. in International Studies,http://catalogue.uci.edu/schoolofsocialsciences/departmentofglobalandinternationalstudies/#majortext,"International Studies, B.A."
Requirements for the B.A. in Language Science,http://catalogue.uci.edu/schoolofsocialsciences/departmentoflanguagescience/#majortext,"Language Science, B.A."
Requirements for the B.A. in Political Science,http://catalogue.uci.edu/schoolofsocialsciences/departmentofpoliticalscience/#majortext,"Political Science, B.A."
Requirements for the B.A. in Social Policy and Public Service,http://catalogue.uci.edu/schoolofsocialsciences/theundergraduatemajorinsocialpolicyandpublicservice/,"Social Policy and Public Service, B.A."
Requirements for the B.A. in Sociology,http://catalogue.uci.edu/schoolofsocialsciences/departmentofsociology/#majortext,"Sociology, B.A."
Requirements for the B.A. in Anthropology,http://catalogue.uci.edu/schoolofsocialsciences/departmentofanthropology/#minorstext,Anthropology
Requirements for the B.A. in Chicano/Latino Studies,http://catalogue.uci.edu/schoolofsocialsciences/departmentofchicanolatinostudies/#minortext,Chicano/Latino Studies
Requirements for the Minor in Chicano/Latino Studies,http://catalogue.uci.edu/schoolofsocialsciences/departmentofchicanolatinostudies/#minortext,Requirements for the Minor in Chicano/Latino Studies
Requirements for the B.A. in International Studies,http://catalogue.uci.edu/schoolofsocialsciences/departmentofglobalandinternationalstudies/#minorstext,International Studies
Requirements for the B.A. in Economics,http://catalogue.uci.edu/schoolofsocialsciences/departmentofeconomics/#minortext,Economics
Requirements for the B.A. in Quantitative Economics,http://catalogue.uci.edu/schoolofsocialsciences/departmentofeconomics/#minortext,Requirements for the B.A. in Quantitative Economics
Requirements for the B.A. in Business Economics,http://catalogue.uci.edu/schoolofsocialsciences/departmentofeconomics/#minortext,Requirements for the B.A. in Business Economics
Requirements for the B.A. in Psychology,http://catalogue.uci.edu/schoolofsocialsciences/departmentofcognitivesciences/#minortext,Psychology
Requirements for the B.S. in Cognitive Sciences,http://catalogue.uci.edu/schoolofsocialsciences/departmentofcognitivesciences/#minortext,Requirements for the B.S. in Cognitive Sciences
Requirements for the B.S. in Psychology,http://catalogue.uci.edu/schoolofsocialsciences/departmentofcognitivesciences/#minortext,Requirements for the B.S. in Psychology
Requirements for the Ph.D.,http://catalogue.uci.edu/schoolofsocialsciences/departmentofcognitivesciences/#minortext,Requirements for the Ph.D.
Requirements for the B.A. in Language Science,http://catalogue.uci.edu/schoolofsocialsciences/departmentoflanguagescience/#minortext,Requirements for the B.A. in Language Science
Requirements for the B.A. in Political Science,http://catalogue.uci.edu/schoolofsocialsciences/departmentofpoliticalscience/#minortext,Political Science
Requirements for the B.A. in Sociology,http://catalogue.uci.edu/schoolofsocialsciences/departmentofsociology/#minortext,Sociology
